date,product,department,amount
2026-01-01,野菜セット,食品,12141
2026-01-01,お弁当,食品,18831
2026-01-01,洗剤,日用品,6702
2026-01-01,ティッシュ,日用品,8265
2026-01-01,Tシャツ,衣料品,9992
2026-01-01,冬物コート,衣料品,8243
2026-01-01,食器,雑貨,6938
2026-01-01,文房具,雑貨,4497
2026-01-02,野菜セット,食品,10259
2026-01-02,お弁当,食品,17558
2026-01-02,洗剤,日用品,7924
2026-01-02,ティッシュ,日用品,6777
2026-01-02,Tシャツ,衣料品,9821
2026-01-02,冬物コート,衣料品,5525
2026-01-02,食器,雑貨,5840
2026-01-02,文房具,雑貨,3670
2026-01-03,野菜セット,食品,16270
2026-01-03,お弁当,食品,23330
2026-01-03,洗剤,日用品,10694
2026-01-03,ティッシュ,日用品,8578
2026-01-03,Tシャツ,衣料品,10952
2026-01-03,冬物コート,衣料品,8086
2026-01-03,食器,雑貨,5376
2026-01-03,文房具,雑貨,5359
2026-01-04,野菜セット,食品,19188
2026-01-04,お弁当,食品,29307
2026-01-04,洗剤,日用品,12866
2026-01-04,ティッシュ,日用品,9387
2026-01-04,Tシャツ,衣料品,10794
2026-01-04,冬物コート,衣料品,10238
2026-01-04,食器,雑貨,6695
2026-01-04,文房具,雑貨,5332
2026-01-05,野菜セット,食品,12633
2026-01-05,お弁当,食品,19983
2026-01-05,洗剤,日用品,8764
2026-01-05,ティッシュ,日用品,7139
2026-01-05,Tシャツ,衣料品,8543
2026-01-05,冬物コート,衣料品,6946
2026-01-05,食器,雑貨,7159
2026-01-05,文房具,雑貨,4441
2026-01-06,野菜セット,食品,12716
2026-01-06,お弁当,食品,21061
2026-01-06,洗剤,日用品,10026
2026-01-06,ティッシュ,日用品,6248
2026-01-06,Tシャツ,衣料品,9607
2026-01-06,冬物コート,衣料品,8074
2026-01-06,食器,雑貨,5806
2026-01-06,文房具,雑貨,4542
2026-01-07,野菜セット,食品,15532
2026-01-07,お弁当,食品,18216
2026-01-07,洗剤,日用品,9327
2026-01-07,ティッシュ,日用品,6762
2026-01-07,Tシャツ,衣料品,11651
2026-01-07,冬物コート,衣料品,5569
2026-01-07,食器,雑貨,5175
2026-01-07,文房具,雑貨,4191
2026-01-08,野菜セット,食品,14133
2026-01-08,お弁当,食品,21306
2026-01-08,洗剤,日用品,10774
2026-01-08,ティッシュ,日用品,5849
2026-01-08,Tシャツ,衣料品,10808
2026-01-08,冬物コート,衣料品,7017
2026-01-08,食器,雑貨,5182
2026-01-08,文房具,雑貨,4764
2026-01-09,野菜セット,食品,11645
2026-01-09,お弁当,食品,14935
2026-01-09,洗剤,日用品,8813
2026-01-09,ティッシュ,日用品,5915
2026-01-09,Tシャツ,衣料品,9172
2026-01-09,冬物コート,衣料品,7597
2026-01-09,食器,雑貨,5846
2026-01-09,文房具,雑貨,5324
2026-01-10,野菜セット,食品,15333
2026-01-10,お弁当,食品,19511
2026-01-10,洗剤,日用品,10056
2026-01-10,ティッシュ,日用品,7699
2026-01-10,Tシャツ,衣料品,10224
2026-01-10,冬物コート,衣料品,9183
2026-01-10,食器,雑貨,6243
2026-01-10,文房具,雑貨,4092
2026-01-11,野菜セット,食品,17023
2026-01-11,お弁当,食品,23630
2026-01-11,洗剤,日用品,11525
2026-01-11,ティッシュ,日用品,8764
2026-01-11,Tシャツ,衣料品,12923
2026-01-11,冬物コート,衣料品,8767
2026-01-11,食器,雑貨,7776
2026-01-11,文房具,雑貨,5637
2026-01-12,野菜セット,食品,13707
2026-01-12,お弁当,食品,20974
2026-01-12,洗剤,日用品,7595
2026-01-12,ティッシュ,日用品,7069
2026-01-12,Tシャツ,衣料品,9729
2026-01-12,冬物コート,衣料品,7454
2026-01-12,食器,雑貨,4726
2026-01-12,文房具,雑貨,5344
2026-01-13,野菜セット,食品,13255
2026-01-13,お弁当,食品,17113
2026-01-13,洗剤,日用品,7311
2026-01-13,ティッシュ,日用品,6968
2026-01-13,Tシャツ,衣料品,9965
2026-01-13,冬物コート,衣料品,6646
2026-01-13,食器,雑貨,5713
2026-01-13,文房具,雑貨,4123
2026-01-14,野菜セット,食品,13957
2026-01-14,お弁当,食品,18312
2026-01-14,洗剤,日用品,9149
2026-01-14,ティッシュ,日用品,8059
2026-01-14,Tシャツ,衣料品,13225
2026-01-14,冬物コート,衣料品,6393
2026-01-14,食器,雑貨,5339
2026-01-14,文房具,雑貨,4015
2026-01-15,野菜セット,食品,14323
2026-01-15,お弁当,食品,17321
2026-01-15,洗剤,日用品,8651
2026-01-15,ティッシュ,日用品,7186
2026-01-15,Tシャツ,衣料品,8947
2026-01-15,冬物コート,衣料品,6437
2026-01-15,食器,雑貨,5335
2026-01-15,文房具,雑貨,3338
2026-01-16,野菜セット,食品,10820
2026-01-16,お弁当,食品,19124
2026-01-16,洗剤,日用品,9342
2026-01-16,ティッシュ,日用品,7051
2026-01-16,Tシャツ,衣料品,8005
2026-01-16,冬物コート,衣料品,6868
2026-01-16,食器,雑貨,6204
2026-01-16,文房具,雑貨,4760
2026-01-17,野菜セット,食品,15560
2026-01-17,お弁当,食品,21610
2026-01-17,洗剤,日用品,11841
2026-01-17,ティッシュ,日用品,8053
2026-01-17,Tシャツ,衣料品,10525
2026-01-17,冬物コート,衣料品,7887
2026-01-17,食器,雑貨,7980
2026-01-17,文房具,雑貨,5494
2026-01-18,野菜セット,食品,17894
2026-01-18,お弁当,食品,22831
2026-01-18,洗剤,日用品,12239
2026-01-18,ティッシュ,日用品,8029
2026-01-18,Tシャツ,衣料品,12050
2026-01-18,冬物コート,衣料品,11331
2026-01-18,食器,雑貨,7429
2026-01-18,文房具,雑貨,5029
2026-01-19,野菜セット,食品,12957
2026-01-19,お弁当,食品,21011
2026-01-19,洗剤,日用品,10491
2026-01-19,ティッシュ,日用品,6788
2026-01-19,Tシャツ,衣料品,8122
2026-01-19,冬物コート,衣料品,7028
2026-01-19,食器,雑貨,5683
2026-01-19,文房具,雑貨,4516
2026-01-20,野菜セット,食品,15159
2026-01-20,お弁当,食品,21022
2026-01-20,洗剤,日用品,10047
2026-01-20,ティッシュ,日用品,6259
2026-01-20,Tシャツ,衣料品,11373
2026-01-20,冬物コート,衣料品,9102
2026-01-20,食器,雑貨,6203
2026-01-20,文房具,雑貨,4592
2026-01-21,野菜セット,食品,13333
2026-01-21,お弁当,食品,24636
2026-01-21,洗剤,日用品,8130
2026-01-21,ティッシュ,日用品,7116
2026-01-21,Tシャツ,衣料品,10904
2026-01-21,冬物コート,衣料品,7922
2026-01-21,食器,雑貨,5382
2026-01-21,文房具,雑貨,4619
2026-01-22,野菜セット,食品,12654
2026-01-22,お弁当,食品,20612
2026-01-22,洗剤,日用品,8997
2026-01-22,ティッシュ,日用品,6224
2026-01-22,Tシャツ,衣料品,10340
2026-01-22,冬物コート,衣料品,8038
2026-01-22,食器,雑貨,5024
2026-01-22,文房具,雑貨,4324
2026-01-23,野菜セット,食品,14135
2026-01-23,お弁当,食品,17739
2026-01-23,洗剤,日用品,9336
2026-01-23,ティッシュ,日用品,6294
2026-01-23,Tシャツ,衣料品,11815
2026-01-23,冬物コート,衣料品,9291
2026-01-23,食器,雑貨,7068
2026-01-23,文房具,雑貨,4334
2026-01-24,野菜セット,食品,17104
2026-01-24,お弁当,食品,24817
2026-01-24,洗剤,日用品,11090
2026-01-24,ティッシュ,日用品,10262
2026-01-24,Tシャツ,衣料品,10537
2026-01-24,冬物コート,衣料品,9832
2026-01-24,食器,雑貨,6790
2026-01-24,文房具,雑貨,6243
2026-01-25,野菜セット,食品,16062
2026-01-25,お弁当,食品,22524
2026-01-25,洗剤,日用品,11313
2026-01-25,ティッシュ,日用品,9418
2026-01-25,Tシャツ,衣料品,12612
2026-01-25,冬物コート,衣料品,9238
2026-01-25,食器,雑貨,6407
2026-01-25,文房具,雑貨,3971
2026-01-26,野菜セット,食品,14505
2026-01-26,お弁当,食品,22167
2026-01-26,洗剤,日用品,9280
2026-01-26,ティッシュ,日用品,7271
2026-01-26,Tシャツ,衣料品,11804
2026-01-26,冬物コート,衣料品,6874
2026-01-26,食器,雑貨,5216
2026-01-26,文房具,雑貨,4346
2026-01-27,野菜セット,食品,14959
2026-01-27,お弁当,食品,17075
2026-01-27,洗剤,日用品,10415
2026-01-27,ティッシュ,日用品,6658
2026-01-27,Tシャツ,衣料品,9141
2026-01-27,冬物コート,衣料品,8372
2026-01-27,食器,雑貨,5636
2026-01-27,文房具,雑貨,3752
2026-01-28,野菜セット,食品,12527
2026-01-28,お弁当,食品,22810
2026-01-28,洗剤,日用品,10408
2026-01-28,ティッシュ,日用品,6842
2026-01-28,Tシャツ,衣料品,11081
2026-01-28,冬物コート,衣料品,7896
2026-01-28,食器,雑貨,5265
2026-01-28,文房具,雑貨,4633
2026-01-29,野菜セット,食品,13041
2026-01-29,お弁当,食品,19229
2026-01-29,洗剤,日用品,8562
2026-01-29,ティッシュ,日用品,7270
2026-01-29,Tシャツ,衣料品,10637
2026-01-29,冬物コート,衣料品,6779
2026-01-29,食器,雑貨,5418
2026-01-29,文房具,雑貨,5036
2026-01-30,野菜セット,食品,13427
2026-01-30,お弁当,食品,22771
2026-01-30,洗剤,日用品,10404
2026-01-30,ティッシュ,日用品,7721
2026-01-30,Tシャツ,衣料品,13530
2026-01-30,冬物コート,衣料品,6552
2026-01-30,食器,雑貨,6268
2026-01-30,文房具,雑貨,4272
2026-01-31,野菜セット,食品,19207
2026-01-31,お弁当,食品,29791
2026-01-31,洗剤,日用品,8347
2026-01-31,ティッシュ,日用品,7648
2026-01-31,Tシャツ,衣料品,13821
2026-01-31,冬物コート,衣料品,9554
2026-01-31,食器,雑貨,7468
2026-01-31,文房具,雑貨,5282
2026-02-01,野菜セット,食品,16781
2026-02-01,お弁当,食品,27069
2026-02-01,洗剤,日用品,10844
2026-02-01,ティッシュ,日用品,9765
2026-02-01,Tシャツ,衣料品,9612
2026-02-01,冬物コート,衣料品,9645
2026-02-01,食器,雑貨,6115
2026-02-01,文房具,雑貨,6038
2026-02-02,野菜セット,食品,12896
2026-02-02,お弁当,食品,18717
2026-02-02,洗剤,日用品,9525
2026-02-02,ティッシュ,日用品,6452
2026-02-02,Tシャツ,衣料品,9818
2026-02-02,冬物コート,衣料品,6065
2026-02-02,食器,雑貨,5803
2026-02-02,文房具,雑貨,4780
2026-02-03,野菜セット,食品,14887
2026-02-03,お弁当,食品,20629
2026-02-03,洗剤,日用品,10255
2026-02-03,ティッシュ,日用品,7260
2026-02-03,Tシャツ,衣料品,10937
2026-02-03,冬物コート,衣料品,7984
2026-02-03,食器,雑貨,6565
2026-02-03,文房具,雑貨,4325
2026-02-04,野菜セット,食品,12872
2026-02-04,お弁当,食品,20615
2026-02-04,洗剤,日用品,9194
2026-02-04,ティッシュ,日用品,6462
2026-02-04,Tシャツ,衣料品,12464
2026-02-04,冬物コート,衣料品,7111
2026-02-04,食器,雑貨,6152
2026-02-04,文房具,雑貨,4061
2026-02-05,野菜セット,食品,13830
2026-02-05,お弁当,食品,22044
2026-02-05,洗剤,日用品,8638
2026-02-05,ティッシュ,日用品,9001
2026-02-05,Tシャツ,衣料品,11627
2026-02-05,冬物コート,衣料品,9062
2026-02-05,食器,雑貨,6504
2026-02-05,文房具,雑貨,4148
2026-02-06,野菜セット,食品,12651
2026-02-06,お弁当,食品,22192
2026-02-06,洗剤,日用品,9158
2026-02-06,ティッシュ,日用品,7288
2026-02-06,Tシャツ,衣料品,10783
2026-02-06,冬物コート,衣料品,5848
2026-02-06,食器,雑貨,5679
2026-02-06,文房具,雑貨,3306
2026-02-07,野菜セット,食品,16621
2026-02-07,お弁当,食品,23139
2026-02-07,洗剤,日用品,9966
2026-02-07,ティッシュ,日用品,8465
2026-02-07,Tシャツ,衣料品,13882
2026-02-07,冬物コート,衣料品,7423
2026-02-07,食器,雑貨,5538
2026-02-07,文房具,雑貨,4713
2026-02-08,野菜セット,食品,12013
2026-02-08,お弁当,食品,22443
2026-02-08,洗剤,日用品,12975
2026-02-08,ティッシュ,日用品,7591
2026-02-08,Tシャツ,衣料品,14539
2026-02-08,冬物コート,衣料品,7488
2026-02-08,食器,雑貨,7265
2026-02-08,文房具,雑貨,5195
2026-02-09,野菜セット,食品,13164
2026-02-09,お弁当,食品,22638
2026-02-09,洗剤,日用品,10985
2026-02-09,ティッシュ,日用品,7414
2026-02-09,Tシャツ,衣料品,11442
2026-02-09,冬物コート,衣料品,6597
2026-02-09,食器,雑貨,6258
2026-02-09,文房具,雑貨,4367
2026-02-10,野菜セット,食品,14583
2026-02-10,お弁当,食品,21115
2026-02-10,洗剤,日用品,10961
2026-02-10,ティッシュ,日用品,5521
2026-02-10,Tシャツ,衣料品,10907
2026-02-10,冬物コート,衣料品,8260
2026-02-10,食器,雑貨,5606
2026-02-10,文房具,雑貨,4071
2026-02-11,野菜セット,食品,12836
2026-02-11,お弁当,食品,17740
2026-02-11,洗剤,日用品,9190
2026-02-11,ティッシュ,日用品,9366
2026-02-11,Tシャツ,衣料品,12904
2026-02-11,冬物コート,衣料品,6475
2026-02-11,食器,雑貨,5242
2026-02-11,文房具,雑貨,4279
2026-02-12,野菜セット,食品,14858
2026-02-12,お弁当,食品,19196
2026-02-12,洗剤,日用品,8305
2026-02-12,ティッシュ,日用品,8014
2026-02-12,Tシャツ,衣料品,12562
2026-02-12,冬物コート,衣料品,7134
2026-02-12,食器,雑貨,5074
2026-02-12,文房具,雑貨,3660
2026-02-13,野菜セット,食品,12147
2026-02-13,お弁当,食品,15621
2026-02-13,洗剤,日用品,9863
2026-02-13,ティッシュ,日用品,6697
2026-02-13,Tシャツ,衣料品,12077
2026-02-13,冬物コート,衣料品,9144
2026-02-13,食器,雑貨,6689
2026-02-13,文房具,雑貨,3873
2026-02-14,野菜セット,食品,17571
2026-02-14,お弁当,食品,29200
2026-02-14,洗剤,日用品,9879
2026-02-14,ティッシュ,日用品,7699
2026-02-14,Tシャツ,衣料品,13564
2026-02-14,冬物コート,衣料品,7241
2026-02-14,食器,雑貨,8284
2026-02-14,文房具,雑貨,3835
2026-02-15,野菜セット,食品,13798
2026-02-15,お弁当,食品,24849
2026-02-15,洗剤,日用品,10548
2026-02-15,ティッシュ,日用品,8867
2026-02-15,Tシャツ,衣料品,14238
2026-02-15,冬物コート,衣料品,8734
2026-02-15,食器,雑貨,8007
2026-02-15,文房具,雑貨,4006
2026-02-16,野菜セット,食品,13259
2026-02-16,お弁当,食品,19597
2026-02-16,洗剤,日用品,9174
2026-02-16,ティッシュ,日用品,7436
2026-02-16,Tシャツ,衣料品,10266
2026-02-16,冬物コート,衣料品,6895
2026-02-16,食器,雑貨,6434
2026-02-16,文房具,雑貨,4678
2026-02-17,野菜セット,食品,12177
2026-02-17,お弁当,食品,26725
2026-02-17,洗剤,日用品,11525
2026-02-17,ティッシュ,日用品,5973
2026-02-17,Tシャツ,衣料品,11982
2026-02-17,冬物コート,衣料品,9719
2026-02-17,食器,雑貨,6432
2026-02-17,文房具,雑貨,4607
2026-02-18,野菜セット,食品,12928
2026-02-18,お弁当,食品,20108
2026-02-18,洗剤,日用品,8788
2026-02-18,ティッシュ,日用品,6766
2026-02-18,Tシャツ,衣料品,12637
2026-02-18,冬物コート,衣料品,7113
2026-02-18,食器,雑貨,5572
2026-02-18,文房具,雑貨,3839
2026-02-19,野菜セット,食品,13181
2026-02-19,お弁当,食品,19228
2026-02-19,洗剤,日用品,8817
2026-02-19,ティッシュ,日用品,8150
2026-02-19,Tシャツ,衣料品,12148
2026-02-19,冬物コート,衣料品,7922
2026-02-19,食器,雑貨,6138
2026-02-19,文房具,雑貨,4517
2026-02-20,野菜セット,食品,13057
2026-02-20,お弁当,食品,20778
2026-02-20,洗剤,日用品,9827
2026-02-20,ティッシュ,日用品,6302
2026-02-20,Tシャツ,衣料品,13553
2026-02-20,冬物コート,衣料品,7500
2026-02-20,食器,雑貨,5361
2026-02-20,文房具,雑貨,4221
2026-02-21,野菜セット,食品,14619
2026-02-21,お弁当,食品,26430
2026-02-21,洗剤,日用品,9870
2026-02-21,ティッシュ,日用品,9885
2026-02-21,Tシャツ,衣料品,12736
2026-02-21,冬物コート,衣料品,6519
2026-02-21,食器,雑貨,6453
2026-02-21,文房具,雑貨,4082
2026-02-22,野菜セット,食品,15835
2026-02-22,お弁当,食品,29275
2026-02-22,洗剤,日用品,11632
2026-02-22,ティッシュ,日用品,7298
2026-02-22,Tシャツ,衣料品,12809
2026-02-22,冬物コート,衣料品,10877
2026-02-22,食器,雑貨,7349
2026-02-22,文房具,雑貨,5380
2026-02-23,野菜セット,食品,14940
2026-02-23,お弁当,食品,28061
2026-02-23,洗剤,日用品,10386
2026-02-23,ティッシュ,日用品,7366
2026-02-23,Tシャツ,衣料品,12288
2026-02-23,冬物コート,衣料品,8023
2026-02-23,食器,雑貨,5468
2026-02-23,文房具,雑貨,3910
2026-02-24,野菜セット,食品,13343
2026-02-24,お弁当,食品,19247
2026-02-24,洗剤,日用品,8916
2026-02-24,ティッシュ,日用品,7328
2026-02-24,Tシャツ,衣料品,15145
2026-02-24,冬物コート,衣料品,6707
2026-02-24,食器,雑貨,5820
2026-02-24,文房具,雑貨,4389
2026-02-25,野菜セット,食品,13955
2026-02-25,お弁当,食品,24483
2026-02-25,洗剤,日用品,8447
2026-02-25,ティッシュ,日用品,6530
2026-02-25,Tシャツ,衣料品,9526
2026-02-25,冬物コート,衣料品,6639
2026-02-25,食器,雑貨,6291
2026-02-25,文房具,雑貨,4501
2026-02-26,野菜セット,食品,11644
2026-02-26,お弁当,食品,20811
2026-02-26,洗剤,日用品,9004
2026-02-26,ティッシュ,日用品,7682
2026-02-26,Tシャツ,衣料品,11052
2026-02-26,冬物コート,衣料品,7245
2026-02-26,食器,雑貨,4623
2026-02-26,文房具,雑貨,3856
2026-02-27,野菜セット,食品,15834
2026-02-27,お弁当,食品,16092
2026-02-27,洗剤,日用品,8600
2026-02-27,ティッシュ,日用品,7435
2026-02-27,Tシャツ,衣料品,11401
2026-02-27,冬物コート,衣料品,6745
2026-02-27,食器,雑貨,5875
2026-02-27,文房具,雑貨,4471
2026-02-28,野菜セット,食品,15755
2026-02-28,お弁当,食品,20318
2026-02-28,洗剤,日用品,10559
2026-02-28,ティッシュ,日用品,7801
2026-02-28,Tシャツ,衣料品,13425
2026-02-28,冬物コート,衣料品,9208
2026-02-28,食器,雑貨,7653
2026-02-28,文房具,雑貨,5944
2026-03-01,野菜セット,食品,14773
2026-03-01,お弁当,食品,28813
2026-03-01,洗剤,日用品,12200
2026-03-01,ティッシュ,日用品,9835
2026-03-01,Tシャツ,衣料品,16376
2026-03-01,冬物コート,衣料品,8575
2026-03-01,食器,雑貨,6848
2026-03-01,文房具,雑貨,5799
2026-03-02,野菜セット,食品,10944
2026-03-02,お弁当,食品,22193
2026-03-02,洗剤,日用品,8338
2026-03-02,ティッシュ,日用品,6893
2026-03-02,Tシャツ,衣料品,9281
2026-03-02,冬物コート,衣料品,6495
2026-03-02,食器,雑貨,5818
2026-03-02,文房具,雑貨,4864
2026-03-03,野菜セット,食品,14646
2026-03-03,お弁当,食品,21475
2026-03-03,洗剤,日用品,8697
2026-03-03,ティッシュ,日用品,6493
2026-03-03,Tシャツ,衣料品,12339
2026-03-03,冬物コート,衣料品,7056
2026-03-03,食器,雑貨,6260
2026-03-03,文房具,雑貨,5317
2026-03-04,野菜セット,食品,13040
2026-03-04,お弁当,食品,17817
2026-03-04,洗剤,日用品,7974
2026-03-04,ティッシュ,日用品,5950
2026-03-04,Tシャツ,衣料品,10112
2026-03-04,冬物コート,衣料品,8412
2026-03-04,食器,雑貨,5999
2026-03-04,文房具,雑貨,3591
2026-03-05,野菜セット,食品,14118
2026-03-05,お弁当,食品,25045
2026-03-05,洗剤,日用品,8503
2026-03-05,ティッシュ,日用品,6627
2026-03-05,Tシャツ,衣料品,11366
2026-03-05,冬物コート,衣料品,7521
2026-03-05,食器,雑貨,6293
2026-03-05,文房具,雑貨,5014
2026-03-06,野菜セット,食品,14995
2026-03-06,お弁当,食品,24890
2026-03-06,洗剤,日用品,10333
2026-03-06,ティッシュ,日用品,7784
2026-03-06,Tシャツ,衣料品,9700
2026-03-06,冬物コート,衣料品,7158
2026-03-06,食器,雑貨,6068
2026-03-06,文房具,雑貨,4188
2026-03-07,野菜セット,食品,17427
2026-03-07,お弁当,食品,25059
2026-03-07,洗剤,日用品,9467
2026-03-07,ティッシュ,日用品,10154
2026-03-07,Tシャツ,衣料品,15449
2026-03-07,冬物コート,衣料品,8957
2026-03-07,食器,雑貨,7803
2026-03-07,文房具,雑貨,5937
2026-03-08,野菜セット,食品,16352
2026-03-08,お弁当,食品,18497
2026-03-08,洗剤,日用品,9780
2026-03-08,ティッシュ,日用品,8180
2026-03-08,Tシャツ,衣料品,12656
2026-03-08,冬物コート,衣料品,8935
2026-03-08,食器,雑貨,8032
2026-03-08,文房具,雑貨,4957
2026-03-09,野菜セット,食品,11308
2026-03-09,お弁当,食品,27226
2026-03-09,洗剤,日用品,8383
2026-03-09,ティッシュ,日用品,6145
2026-03-09,Tシャツ,衣料品,12339
2026-03-09,冬物コート,衣料品,7644
2026-03-09,食器,雑貨,5363
2026-03-09,文房具,雑貨,4801
2026-03-10,野菜セット,食品,12325
2026-03-10,お弁当,食品,19503
2026-03-10,洗剤,日用品,9047
2026-03-10,ティッシュ,日用品,7879
2026-03-10,Tシャツ,衣料品,11120
2026-03-10,冬物コート,衣料品,7561
2026-03-10,食器,雑貨,5797
2026-03-10,文房具,雑貨,5869
2026-03-11,野菜セット,食品,11978
2026-03-11,お弁当,食品,25617
2026-03-11,洗剤,日用品,8796
2026-03-11,ティッシュ,日用品,7102
2026-03-11,Tシャツ,衣料品,13119
2026-03-11,冬物コート,衣料品,8053
2026-03-11,食器,雑貨,6759
2026-03-11,文房具,雑貨,4555
2026-03-12,野菜セット,食品,12148
2026-03-12,お弁当,食品,20584
2026-03-12,洗剤,日用品,9386
2026-03-12,ティッシュ,日用品,7714
2026-03-12,Tシャツ,衣料品,14144
2026-03-12,冬物コート,衣料品,7638
2026-03-12,食器,雑貨,6618
2026-03-12,文房具,雑貨,5178
2026-03-13,野菜セット,食品,13350
2026-03-13,お弁当,食品,18111
2026-03-13,洗剤,日用品,7588
2026-03-13,ティッシュ,日用品,5967
2026-03-13,Tシャツ,衣料品,14471
2026-03-13,冬物コート,衣料品,6533
2026-03-13,食器,雑貨,6743
2026-03-13,文房具,雑貨,4687
2026-03-14,野菜セット,食品,18942
2026-03-14,お弁当,食品,29680
2026-03-14,洗剤,日用品,10470
2026-03-14,ティッシュ,日用品,8446
2026-03-14,Tシャツ,衣料品,14777
2026-03-14,冬物コート,衣料品,8911
2026-03-14,食器,雑貨,6605
2026-03-14,文房具,雑貨,5233
2026-03-15,野菜セット,食品,18743
2026-03-15,お弁当,食品,21114
2026-03-15,洗剤,日用品,10922
2026-03-15,ティッシュ,日用品,7712
2026-03-15,Tシャツ,衣料品,15003
2026-03-15,冬物コート,衣料品,9607
2026-03-15,食器,雑貨,7010
2026-03-15,文房具,雑貨,5739
2026-03-16,野菜セット,食品,10593
2026-03-16,お弁当,食品,25090
2026-03-16,洗剤,日用品,8183
2026-03-16,ティッシュ,日用品,7750
2026-03-16,Tシャツ,衣料品,12536
2026-03-16,冬物コート,衣料品,5016
2026-03-16,食器,雑貨,5352
2026-03-16,文房具,雑貨,4490
2026-03-17,野菜セット,食品,15532
2026-03-17,お弁当,食品,22948
2026-03-17,洗剤,日用品,9088
2026-03-17,ティッシュ,日用品,5989
2026-03-17,Tシャツ,衣料品,14420
2026-03-17,冬物コート,衣料品,8850
2026-03-17,食器,雑貨,5910
2026-03-17,文房具,雑貨,4258
2026-03-18,野菜セット,食品,10547
2026-03-18,お弁当,食品,24575
2026-03-18,洗剤,日用品,11667
2026-03-18,ティッシュ,日用品,7832
2026-03-18,Tシャツ,衣料品,14217
2026-03-18,冬物コート,衣料品,7746
2026-03-18,食器,雑貨,5197
2026-03-18,文房具,雑貨,5073
2026-03-19,野菜セット,食品,11151
2026-03-19,お弁当,食品,21693
2026-03-19,洗剤,日用品,9098
2026-03-19,ティッシュ,日用品,7976
2026-03-19,Tシャツ,衣料品,13003
2026-03-19,冬物コート,衣料品,7610
2026-03-19,食器,雑貨,5359
2026-03-19,文房具,雑貨,3694
2026-03-20,野菜セット,食品,13187
2026-03-20,お弁当,食品,20392
2026-03-20,洗剤,日用品,7417
2026-03-20,ティッシュ,日用品,6116
2026-03-20,Tシャツ,衣料品,11693
2026-03-20,冬物コート,衣料品,5656
2026-03-20,食器,雑貨,4948
2026-03-20,文房具,雑貨,3511
2026-03-21,野菜セット,食品,16053
2026-03-21,お弁当,食品,28106
2026-03-21,洗剤,日用品,13092
2026-03-21,ティッシュ,日用品,7099
2026-03-21,Tシャツ,衣料品,13737
2026-03-21,冬物コート,衣料品,9683
2026-03-21,食器,雑貨,6903
2026-03-21,文房具,雑貨,5035
2026-03-22,野菜セット,食品,18931
2026-03-22,お弁当,食品,25748
2026-03-22,洗剤,日用品,9080
2026-03-22,ティッシュ,日用品,7286
2026-03-22,Tシャツ,衣料品,15608
2026-03-22,冬物コート,衣料品,9047
2026-03-22,食器,雑貨,5924
2026-03-22,文房具,雑貨,4620
2026-03-23,野菜セット,食品,13931
2026-03-23,お弁当,食品,23953
2026-03-23,洗剤,日用品,8102
2026-03-23,ティッシュ,日用品,7750
2026-03-23,Tシャツ,衣料品,13404
2026-03-23,冬物コート,衣料品,5716
2026-03-23,食器,雑貨,5692
2026-03-23,文房具,雑貨,4582
2026-03-24,野菜セット,食品,12190
2026-03-24,お弁当,食品,16678
2026-03-24,洗剤,日用品,8476
2026-03-24,ティッシュ,日用品,7863
2026-03-24,Tシャツ,衣料品,14969
2026-03-24,冬物コート,衣料品,5361
2026-03-24,食器,雑貨,7773
2026-03-24,文房具,雑貨,3773
2026-03-25,野菜セット,食品,14594
2026-03-25,お弁当,食品,25803
2026-03-25,洗剤,日用品,9803
2026-03-25,ティッシュ,日用品,7341
2026-03-25,Tシャツ,衣料品,10864
2026-03-25,冬物コート,衣料品,7819
2026-03-25,食器,雑貨,5413
2026-03-25,文房具,雑貨,3041
2026-03-26,野菜セット,食品,17535
2026-03-26,お弁当,食品,24424
2026-03-26,洗剤,日用品,10674
2026-03-26,ティッシュ,日用品,6423
2026-03-26,Tシャツ,衣料品,14893
2026-03-26,冬物コート,衣料品,8660
2026-03-26,食器,雑貨,7031
2026-03-26,文房具,雑貨,4349
2026-03-27,野菜セット,食品,11202
2026-03-27,お弁当,食品,22068
2026-03-27,洗剤,日用品,6442
2026-03-27,ティッシュ,日用品,5739
2026-03-27,Tシャツ,衣料品,12843
2026-03-27,冬物コート,衣料品,6407
2026-03-27,食器,雑貨,5812
2026-03-27,文房具,雑貨,4302
2026-03-28,野菜セット,食品,19349
2026-03-28,お弁当,食品,31321
2026-03-28,洗剤,日用品,10444
2026-03-28,ティッシュ,日用品,9910
2026-03-28,Tシャツ,衣料品,13862
2026-03-28,冬物コート,衣料品,8374
2026-03-28,食器,雑貨,7898
2026-03-28,文房具,雑貨,4449
2026-03-29,野菜セット,食品,15183
2026-03-29,お弁当,食品,22843
2026-03-29,洗剤,日用品,10642
2026-03-29,ティッシュ,日用品,10350
2026-03-29,Tシャツ,衣料品,13957
2026-03-29,冬物コート,衣料品,8964
2026-03-29,食器,雑貨,6357
2026-03-29,文房具,雑貨,4506
2026-03-30,野菜セット,食品,11149
2026-03-30,お弁当,食品,26613
2026-03-30,洗剤,日用品,11216
2026-03-30,ティッシュ,日用品,7630
2026-03-30,Tシャツ,衣料品,11723
2026-03-30,冬物コート,衣料品,7888
2026-03-30,食器,雑貨,5703
2026-03-30,文房具,雑貨,4773
2026-03-31,野菜セット,食品,13548
2026-03-31,お弁当,食品,23456
2026-03-31,洗剤,日用品,9369
2026-03-31,ティッシュ,日用品,6710
2026-03-31,Tシャツ,衣料品,12241
2026-03-31,冬物コート,衣料品,5770
2026-03-31,食器,雑貨,5630
2026-03-31,文房具,雑貨,3610
2026-04-01,野菜セット,食品,12410
2026-04-01,お弁当,食品,19410
2026-04-01,洗剤,日用品,8723
2026-04-01,ティッシュ,日用品,7509
2026-04-01,Tシャツ,衣料品,9915
2026-04-01,冬物コート,衣料品,6077
2026-04-01,食器,雑貨,5034
2026-04-01,文房具,雑貨,4524
2026-04-02,野菜セット,食品,15216
2026-04-02,お弁当,食品,24211
2026-04-02,洗剤,日用品,8252
2026-04-02,ティッシュ,日用品,8374
2026-04-02,Tシャツ,衣料品,9811
2026-04-02,冬物コート,衣料品,7946
2026-04-02,食器,雑貨,5233
2026-04-02,文房具,雑貨,2766
2026-04-03,野菜セット,食品,16647
2026-04-03,お弁当,食品,26169
2026-04-03,洗剤,日用品,7541
2026-04-03,ティッシュ,日用品,7266
2026-04-03,Tシャツ,衣料品,11718
2026-04-03,冬物コート,衣料品,6817
2026-04-03,食器,雑貨,4673
2026-04-03,文房具,雑貨,3810
2026-04-04,野菜セット,食品,16007
2026-04-04,お弁当,食品,27152
2026-04-04,洗剤,日用品,11807
2026-04-04,ティッシュ,日用品,8628
2026-04-04,Tシャツ,衣料品,18562
2026-04-04,冬物コート,衣料品,7387
2026-04-04,食器,雑貨,7038
2026-04-04,文房具,雑貨,3833
2026-04-05,野菜セット,食品,12876
2026-04-05,お弁当,食品,30712
2026-04-05,洗剤,日用品,9147
2026-04-05,ティッシュ,日用品,9091
2026-04-05,Tシャツ,衣料品,14418
2026-04-05,冬物コート,衣料品,7068
2026-04-05,食器,雑貨,6545
2026-04-05,文房具,雑貨,4669
2026-04-06,野菜セット,食品,11891
2026-04-06,お弁当,食品,24109
2026-04-06,洗剤,日用品,9262
2026-04-06,ティッシュ,日用品,6628
2026-04-06,Tシャツ,衣料品,10821
2026-04-06,冬物コート,衣料品,6963
2026-04-06,食器,雑貨,5627
2026-04-06,文房具,雑貨,4657
2026-04-07,野菜セット,食品,16654
2026-04-07,お弁当,食品,24386
2026-04-07,洗剤,日用品,8548
2026-04-07,ティッシュ,日用品,6975
2026-04-07,Tシャツ,衣料品,10930
2026-04-07,冬物コート,衣料品,6002
2026-04-07,食器,雑貨,5013
2026-04-07,文房具,雑貨,3947
2026-04-08,野菜セット,食品,11982
2026-04-08,お弁当,食品,24162
2026-04-08,洗剤,日用品,8167
2026-04-08,ティッシュ,日用品,6953
2026-04-08,Tシャツ,衣料品,10434
2026-04-08,冬物コート,衣料品,8064
2026-04-08,食器,雑貨,6050
2026-04-08,文房具,雑貨,5032
2026-04-09,野菜セット,食品,13837
2026-04-09,お弁当,食品,26190
2026-04-09,洗剤,日用品,8317
2026-04-09,ティッシュ,日用品,7735
2026-04-09,Tシャツ,衣料品,16240
2026-04-09,冬物コート,衣料品,5746
2026-04-09,食器,雑貨,6513
2026-04-09,文房具,雑貨,4985
2026-04-10,野菜セット,食品,13268
2026-04-10,お弁当,食品,24298
2026-04-10,洗剤,日用品,9882
2026-04-10,ティッシュ,日用品,6549
2026-04-10,Tシャツ,衣料品,12915
2026-04-10,冬物コート,衣料品,6017
2026-04-10,食器,雑貨,5237
2026-04-10,文房具,雑貨,3826
2026-04-11,野菜セット,食品,14889
2026-04-11,お弁当,食品,27229
2026-04-11,洗剤,日用品,10844
2026-04-11,ティッシュ,日用品,7058
2026-04-11,Tシャツ,衣料品,18406
2026-04-11,冬物コート,衣料品,9229
2026-04-11,食器,雑貨,7470
2026-04-11,文房具,雑貨,4748
2026-04-12,野菜セット,食品,14989
2026-04-12,お弁当,食品,28596
2026-04-12,洗剤,日用品,10785
2026-04-12,ティッシュ,日用品,6781
2026-04-12,Tシャツ,衣料品,16206
2026-04-12,冬物コート,衣料品,10980
2026-04-12,食器,雑貨,5303
2026-04-12,文房具,雑貨,5572
2026-04-13,野菜セット,食品,13203
2026-04-13,お弁当,食品,22056
2026-04-13,洗剤,日用品,9993
2026-04-13,ティッシュ,日用品,6085
2026-04-13,Tシャツ,衣料品,12665
2026-04-13,冬物コート,衣料品,7948
2026-04-13,食器,雑貨,5583
2026-04-13,文房具,雑貨,3923
2026-04-14,野菜セット,食品,12808
2026-04-14,お弁当,食品,21172
2026-04-14,洗剤,日用品,10173
2026-04-14,ティッシュ,日用品,6326
2026-04-14,Tシャツ,衣料品,13797
2026-04-14,冬物コート,衣料品,5695
2026-04-14,食器,雑貨,6198
2026-04-14,文房具,雑貨,4081
2026-04-15,野菜セット,食品,8605
2026-04-15,お弁当,食品,22419
2026-04-15,洗剤,日用品,7414
2026-04-15,ティッシュ,日用品,6732
2026-04-15,Tシャツ,衣料品,14867
2026-04-15,冬物コート,衣料品,5806
2026-04-15,食器,雑貨,4980
2026-04-15,文房具,雑貨,4867
2026-04-16,野菜セット,食品,12810
2026-04-16,お弁当,食品,26746
2026-04-16,洗剤,日用品,8872
2026-04-16,ティッシュ,日用品,6347
2026-04-16,Tシャツ,衣料品,12433
2026-04-16,冬物コート,衣料品,7756
2026-04-16,食器,雑貨,6399
2026-04-16,文房具,雑貨,4132
2026-04-17,野菜セット,食品,12705
2026-04-17,お弁当,食品,22196
2026-04-17,洗剤,日用品,7918
2026-04-17,ティッシュ,日用品,8819
2026-04-17,Tシャツ,衣料品,12586
2026-04-17,冬物コート,衣料品,5795
2026-04-17,食器,雑貨,5400
2026-04-17,文房具,雑貨,4500
2026-04-18,野菜セット,食品,16355
2026-04-18,お弁当,食品,26597
2026-04-18,洗剤,日用品,9381
2026-04-18,ティッシュ,日用品,8572
2026-04-18,Tシャツ,衣料品,12012
2026-04-18,冬物コート,衣料品,6783
2026-04-18,食器,雑貨,7568
2026-04-18,文房具,雑貨,4662
2026-04-19,野菜セット,食品,15857
2026-04-19,お弁当,食品,31172
2026-04-19,洗剤,日用品,11037
2026-04-19,ティッシュ,日用品,8568
2026-04-19,Tシャツ,衣料品,19174
2026-04-19,冬物コート,衣料品,8747
2026-04-19,食器,雑貨,6592
2026-04-19,文房具,雑貨,5400
2026-04-20,野菜セット,食品,13265
2026-04-20,お弁当,食品,20230
2026-04-20,洗剤,日用品,8585
2026-04-20,ティッシュ,日用品,6977
2026-04-20,Tシャツ,衣料品,9616
2026-04-20,冬物コート,衣料品,6591
2026-04-20,食器,雑貨,5548
2026-04-20,文房具,雑貨,3903
2026-04-21,野菜セット,食品,10066
2026-04-21,お弁当,食品,21664
2026-04-21,洗剤,日用品,8462
2026-04-21,ティッシュ,日用品,7212
2026-04-21,Tシャツ,衣料品,10952
2026-04-21,冬物コート,衣料品,7260
2026-04-21,食器,雑貨,4890
2026-04-21,文房具,雑貨,4011
2026-04-22,野菜セット,食品,14663
2026-04-22,お弁当,食品,20754
2026-04-22,洗剤,日用品,7962
2026-04-22,ティッシュ,日用品,8065
2026-04-22,Tシャツ,衣料品,12171
2026-04-22,冬物コート,衣料品,6488
2026-04-22,食器,雑貨,5913
2026-04-22,文房具,雑貨,4657
2026-04-23,野菜セット,食品,9197
2026-04-23,お弁当,食品,20408
2026-04-23,洗剤,日用品,7437
2026-04-23,ティッシュ,日用品,6170
2026-04-23,Tシャツ,衣料品,11467
2026-04-23,冬物コート,衣料品,6038
2026-04-23,食器,雑貨,5974
2026-04-23,文房具,雑貨,3671
2026-04-24,野菜セット,食品,12820
2026-04-24,お弁当,食品,23891
2026-04-24,洗剤,日用品,7724
2026-04-24,ティッシュ,日用品,7236
2026-04-24,Tシャツ,衣料品,15446
2026-04-24,冬物コート,衣料品,7001
2026-04-24,食器,雑貨,5312
2026-04-24,文房具,雑貨,4088
2026-04-25,野菜セット,食品,13450
2026-04-25,お弁当,食品,28275
2026-04-25,洗剤,日用品,11254
2026-04-25,ティッシュ,日用品,7687
2026-04-25,Tシャツ,衣料品,15081
2026-04-25,冬物コート,衣料品,9184
2026-04-25,食器,雑貨,6499
2026-04-25,文房具,雑貨,5057
2026-04-26,野菜セット,食品,13253
2026-04-26,お弁当,食品,24657
2026-04-26,洗剤,日用品,9531
2026-04-26,ティッシュ,日用品,10779
2026-04-26,Tシャツ,衣料品,14766
2026-04-26,冬物コート,衣料品,7568
2026-04-26,食器,雑貨,6458
2026-04-26,文房具,雑貨,4843
2026-04-27,野菜セット,食品,13624
2026-04-27,お弁当,食品,23398
2026-04-27,洗剤,日用品,10560
2026-04-27,ティッシュ,日用品,7305
2026-04-27,Tシャツ,衣料品,15236
2026-04-27,冬物コート,衣料品,6958
2026-04-27,食器,雑貨,6195
2026-04-27,文房具,雑貨,3403
2026-04-28,野菜セット,食品,12437
2026-04-28,お弁当,食品,22726
2026-04-28,洗剤,日用品,8216
2026-04-28,ティッシュ,日用品,5282
2026-04-28,Tシャツ,衣料品,14399
2026-04-28,冬物コート,衣料品,6422
2026-04-28,食器,雑貨,5475
2026-04-28,文房具,雑貨,3989
2026-04-29,野菜セット,食品,12284
2026-04-29,お弁当,食品,24074
2026-04-29,洗剤,日用品,7167
2026-04-29,ティッシュ,日用品,6326
2026-04-29,Tシャツ,衣料品,13519
2026-04-29,冬物コート,衣料品,6852
2026-04-29,食器,雑貨,5521
2026-04-29,文房具,雑貨,3830
2026-04-30,野菜セット,食品,11365
2026-04-30,お弁当,食品,22829
2026-04-30,洗剤,日用品,9649
2026-04-30,ティッシュ,日用品,6218
2026-04-30,Tシャツ,衣料品,15501
2026-04-30,冬物コート,衣料品,7417
2026-04-30,食器,雑貨,5472
2026-04-30,文房具,雑貨,4499
2026-05-01,野菜セット,食品,9889
2026-05-01,お弁当,食品,17332
2026-05-01,洗剤,日用品,7016
2026-05-01,ティッシュ,日用品,6655
2026-05-01,Tシャツ,衣料品,11255
2026-05-01,冬物コート,衣料品,5629
2026-05-01,食器,雑貨,5476
2026-05-01,文房具,雑貨,2857
2026-05-02,野菜セット,食品,15255
2026-05-02,お弁当,食品,21818
2026-05-02,洗剤,日用品,9165
2026-05-02,ティッシュ,日用品,7983
2026-05-02,Tシャツ,衣料品,12143
2026-05-02,冬物コート,衣料品,6015
2026-05-02,食器,雑貨,5714
2026-05-02,文房具,雑貨,4602
2026-05-03,野菜セット,食品,15419
2026-05-03,お弁当,食品,28123
2026-05-03,洗剤,日用品,8760
2026-05-03,ティッシュ,日用品,7602
2026-05-03,Tシャツ,衣料品,12582
2026-05-03,冬物コート,衣料品,7588
2026-05-03,食器,雑貨,4913
2026-05-03,文房具,雑貨,5292
2026-05-04,野菜セット,食品,11301
2026-05-04,お弁当,食品,19918
2026-05-04,洗剤,日用品,8622
2026-05-04,ティッシュ,日用品,7867
2026-05-04,Tシャツ,衣料品,12311
2026-05-04,冬物コート,衣料品,6757
2026-05-04,食器,雑貨,5510
2026-05-04,文房具,雑貨,4404
2026-05-05,野菜セット,食品,13793
2026-05-05,お弁当,食品,21759
2026-05-05,洗剤,日用品,9708
2026-05-05,ティッシュ,日用品,7138
2026-05-05,Tシャツ,衣料品,11986
2026-05-05,冬物コート,衣料品,5336
2026-05-05,食器,雑貨,5238
2026-05-05,文房具,雑貨,4195
2026-05-06,野菜セット,食品,10109
2026-05-06,お弁当,食品,23777
2026-05-06,洗剤,日用品,8619
2026-05-06,ティッシュ,日用品,7233
2026-05-06,Tシャツ,衣料品,8749
2026-05-06,冬物コート,衣料品,5925
2026-05-06,食器,雑貨,5852
2026-05-06,文房具,雑貨,3484
2026-05-07,野菜セット,食品,12130
2026-05-07,お弁当,食品,15788
2026-05-07,洗剤,日用品,8933
2026-05-07,ティッシュ,日用品,6443
2026-05-07,Tシャツ,衣料品,13186
2026-05-07,冬物コート,衣料品,4673
2026-05-07,食器,雑貨,5885
2026-05-07,文房具,雑貨,3725
2026-05-08,野菜セット,食品,13162
2026-05-08,お弁当,食品,19671
2026-05-08,洗剤,日用品,7649
2026-05-08,ティッシュ,日用品,8883
2026-05-08,Tシャツ,衣料品,10783
2026-05-08,冬物コート,衣料品,5491
2026-05-08,食器,雑貨,5256
2026-05-08,文房具,雑貨,3363
2026-05-09,野菜セット,食品,16457
2026-05-09,お弁当,食品,32104
2026-05-09,洗剤,日用品,9070
2026-05-09,ティッシュ,日用品,6660
2026-05-09,Tシャツ,衣料品,16444
2026-05-09,冬物コート,衣料品,8157
2026-05-09,食器,雑貨,7172
2026-05-09,文房具,雑貨,5236
2026-05-10,野菜セット,食品,12900
2026-05-10,お弁当,食品,26103
2026-05-10,洗剤,日用品,8256
2026-05-10,ティッシュ,日用品,6970
2026-05-10,Tシャツ,衣料品,16165
2026-05-10,冬物コート,衣料品,6619
2026-05-10,食器,雑貨,8320
2026-05-10,文房具,雑貨,4637
2026-05-11,野菜セット,食品,11077
2026-05-11,お弁当,食品,24367
2026-05-11,洗剤,日用品,10027
2026-05-11,ティッシュ,日用品,7408
2026-05-11,Tシャツ,衣料品,10324
2026-05-11,冬物コート,衣料品,6267
2026-05-11,食器,雑貨,6347
2026-05-11,文房具,雑貨,3602
2026-05-12,野菜セット,食品,10885
2026-05-12,お弁当,食品,24990
2026-05-12,洗剤,日用品,8378
2026-05-12,ティッシュ,日用品,6073
2026-05-12,Tシャツ,衣料品,11576
2026-05-12,冬物コート,衣料品,5455
2026-05-12,食器,雑貨,5645
2026-05-12,文房具,雑貨,3878
2026-05-13,野菜セット,食品,13656
2026-05-13,お弁当,食品,24210
2026-05-13,洗剤,日用品,6689
2026-05-13,ティッシュ,日用品,7341
2026-05-13,Tシャツ,衣料品,13477
2026-05-13,冬物コート,衣料品,6328
2026-05-13,食器,雑貨,6129
2026-05-13,文房具,雑貨,3574
2026-05-14,野菜セット,食品,10630
2026-05-14,お弁当,食品,24840
2026-05-14,洗剤,日用品,7176
2026-05-14,ティッシュ,日用品,5185
2026-05-14,Tシャツ,衣料品,13708
2026-05-14,冬物コート,衣料品,5478
2026-05-14,食器,雑貨,5258
2026-05-14,文房具,雑貨,3183
2026-05-15,野菜セット,食品,10091
2026-05-15,お弁当,食品,19276
2026-05-15,洗剤,日用品,7867
2026-05-15,ティッシュ,日用品,7310
2026-05-15,Tシャツ,衣料品,8868
2026-05-15,冬物コート,衣料品,6541
2026-05-15,食器,雑貨,4687
2026-05-15,文房具,雑貨,3335
2026-05-16,野菜セット,食品,15571
2026-05-16,お弁当,食品,26662
2026-05-16,洗剤,日用品,8043
2026-05-16,ティッシュ,日用品,10259
2026-05-16,Tシャツ,衣料品,13218
2026-05-16,冬物コート,衣料品,7413
2026-05-16,食器,雑貨,6716
2026-05-16,文房具,雑貨,5364
2026-05-17,野菜セット,食品,13612
2026-05-17,お弁当,食品,30206
2026-05-17,洗剤,日用品,8977
2026-05-17,ティッシュ,日用品,9531
2026-05-17,Tシャツ,衣料品,13434
2026-05-17,冬物コート,衣料品,6887
2026-05-17,食器,雑貨,8056
2026-05-17,文房具,雑貨,4760
2026-05-18,野菜セット,食品,12158
2026-05-18,お弁当,食品,28543
2026-05-18,洗剤,日用品,8562
2026-05-18,ティッシュ,日用品,6314
2026-05-18,Tシャツ,衣料品,13452
2026-05-18,冬物コート,衣料品,5149
2026-05-18,食器,雑貨,6214
2026-05-18,文房具,雑貨,4373
2026-05-19,野菜セット,食品,11174
2026-05-19,お弁当,食品,20831
2026-05-19,洗剤,日用品,8375
2026-05-19,ティッシュ,日用品,7011
2026-05-19,Tシャツ,衣料品,10947
2026-05-19,冬物コート,衣料品,6409
2026-05-19,食器,雑貨,4134
2026-05-19,文房具,雑貨,3620
2026-05-20,野菜セット,食品,11418
2026-05-20,お弁当,食品,21825
2026-05-20,洗剤,日用品,8497
2026-05-20,ティッシュ,日用品,5968
2026-05-20,Tシャツ,衣料品,13320
2026-05-20,冬物コート,衣料品,5870
2026-05-20,食器,雑貨,5052
2026-05-20,文房具,雑貨,3191
2026-05-21,野菜セット,食品,10296
2026-05-21,お弁当,食品,23579
2026-05-21,洗剤,日用品,7242
2026-05-21,ティッシュ,日用品,7053
2026-05-21,Tシャツ,衣料品,14071
2026-05-21,冬物コート,衣料品,6743
2026-05-21,食器,雑貨,6510
2026-05-21,文房具,雑貨,3681
2026-05-22,野菜セット,食品,10437
2026-05-22,お弁当,食品,25411
2026-05-22,洗剤,日用品,8488
2026-05-22,ティッシュ,日用品,7944
2026-05-22,Tシャツ,衣料品,12537
2026-05-22,冬物コート,衣料品,6860
2026-05-22,食器,雑貨,6045
2026-05-22,文房具,雑貨,4143
2026-05-23,野菜セット,食品,15270
2026-05-23,お弁当,食品,28509
2026-05-23,洗剤,日用品,10089
2026-05-23,ティッシュ,日用品,8627
2026-05-23,Tシャツ,衣料品,16863
2026-05-23,冬物コート,衣料品,6757
2026-05-23,食器,雑貨,7962
2026-05-23,文房具,雑貨,4518
2026-05-24,野菜セット,食品,16102
2026-05-24,お弁当,食品,26960
2026-05-24,洗剤,日用品,9518
2026-05-24,ティッシュ,日用品,10448
2026-05-24,Tシャツ,衣料品,14559
2026-05-24,冬物コート,衣料品,6096
2026-05-24,食器,雑貨,6028
2026-05-24,文房具,雑貨,4401
2026-05-25,野菜セット,食品,15103
2026-05-25,お弁当,食品,23314
2026-05-25,洗剤,日用品,9084
2026-05-25,ティッシュ,日用品,6158
2026-05-25,Tシャツ,衣料品,13175
2026-05-25,冬物コート,衣料品,6483
2026-05-25,食器,雑貨,6687
2026-05-25,文房具,雑貨,3493
2026-05-26,野菜セット,食品,12869
2026-05-26,お弁当,食品,23614
2026-05-26,洗剤,日用品,7161
2026-05-26,ティッシュ,日用品,6983
2026-05-26,Tシャツ,衣料品,12280
2026-05-26,冬物コート,衣料品,4325
2026-05-26,食器,雑貨,5897
2026-05-26,文房具,雑貨,4057
2026-05-27,野菜セット,食品,11367
2026-05-27,お弁当,食品,19157
2026-05-27,洗剤,日用品,9605
2026-05-27,ティッシュ,日用品,7223
2026-05-27,Tシャツ,衣料品,14273
2026-05-27,冬物コート,衣料品,7015
2026-05-27,食器,雑貨,5161
2026-05-27,文房具,雑貨,4180
2026-05-28,野菜セット,食品,11652
2026-05-28,お弁当,食品,22689
2026-05-28,洗剤,日用品,8067
2026-05-28,ティッシュ,日用品,6998
2026-05-28,Tシャツ,衣料品,14467
2026-05-28,冬物コート,衣料品,6089
2026-05-28,食器,雑貨,5407
2026-05-28,文房具,雑貨,3681
2026-05-29,野菜セット,食品,12491
2026-05-29,お弁当,食品,20439
2026-05-29,洗剤,日用品,7654
2026-05-29,ティッシュ,日用品,6956
2026-05-29,Tシャツ,衣料品,11933
2026-05-29,冬物コート,衣料品,5914
2026-05-29,食器,雑貨,5109
2026-05-29,文房具,雑貨,4721
2026-05-30,野菜セット,食品,16696
2026-05-30,お弁当,食品,29008
2026-05-30,洗剤,日用品,9706
2026-05-30,ティッシュ,日用品,10608
2026-05-30,Tシャツ,衣料品,16009
2026-05-30,冬物コート,衣料品,7124
2026-05-30,食器,雑貨,6860
2026-05-30,文房具,雑貨,4733
2026-05-31,野菜セット,食品,16837
2026-05-31,お弁当,食品,27504
2026-05-31,洗剤,日用品,12221
2026-05-31,ティッシュ,日用品,7510
2026-05-31,Tシャツ,衣料品,16748
2026-05-31,冬物コート,衣料品,6334
2026-05-31,食器,雑貨,8068
2026-05-31,文房具,雑貨,4383
2026-06-01,野菜セット,食品,11290
2026-06-01,お弁当,食品,24220
2026-06-01,洗剤,日用品,9190
2026-06-01,ティッシュ,日用品,5959
2026-06-01,Tシャツ,衣料品,10870
2026-06-01,冬物コート,衣料品,4383
2026-06-01,食器,雑貨,5222
2026-06-01,文房具,雑貨,3493
2026-06-02,野菜セット,食品,10893
2026-06-02,お弁当,食品,20044
2026-06-02,洗剤,日用品,7612
2026-06-02,ティッシュ,日用品,6261
2026-06-02,Tシャツ,衣料品,12100
2026-06-02,冬物コート,衣料品,6222
2026-06-02,食器,雑貨,3949
2026-06-02,文房具,雑貨,3486
2026-06-03,野菜セット,食品,10799
2026-06-03,お弁当,食品,23165
2026-06-03,洗剤,日用品,7065
2026-06-03,ティッシュ,日用品,6756
2026-06-03,Tシャツ,衣料品,9990
2026-06-03,冬物コート,衣料品,5705
2026-06-03,食器,雑貨,5205
2026-06-03,文房具,雑貨,3465
2026-06-04,野菜セット,食品,11875
2026-06-04,お弁当,食品,21261
2026-06-04,洗剤,日用品,6485
2026-06-04,ティッシュ,日用品,7369
2026-06-04,Tシャツ,衣料品,11846
2026-06-04,冬物コート,衣料品,5167
2026-06-04,食器,雑貨,5755
2026-06-04,文房具,雑貨,4049
2026-06-05,野菜セット,食品,9879
2026-06-05,お弁当,食品,19887
2026-06-05,洗剤,日用品,9445
2026-06-05,ティッシュ,日用品,8048
2026-06-05,Tシャツ,衣料品,10468
2026-06-05,冬物コート,衣料品,4519
2026-06-05,食器,雑貨,4756
2026-06-05,文房具,雑貨,3320
2026-06-06,野菜セット,食品,11050
2026-06-06,お弁当,食品,26475
2026-06-06,洗剤,日用品,8085
2026-06-06,ティッシュ,日用品,7054
2026-06-06,Tシャツ,衣料品,15348
2026-06-06,冬物コート,衣料品,5800
2026-06-06,食器,雑貨,6132
2026-06-06,文房具,雑貨,4556
2026-06-07,野菜セット,食品,14975
2026-06-07,お弁当,食品,25350
2026-06-07,洗剤,日用品,9596
2026-06-07,ティッシュ,日用品,7435
2026-06-07,Tシャツ,衣料品,16780
2026-06-07,冬物コート,衣料品,6810
2026-06-07,食器,雑貨,5369
2026-06-07,文房具,雑貨,4237
2026-06-08,野菜セット,食品,12343
2026-06-08,お弁当,食品,23320
2026-06-08,洗剤,日用品,9694
2026-06-08,ティッシュ,日用品,8010
2026-06-08,Tシャツ,衣料品,10846
2026-06-08,冬物コート,衣料品,5208
2026-06-08,食器,雑貨,4367
2026-06-08,文房具,雑貨,3633
2026-06-09,野菜セット,食品,11576
2026-06-09,お弁当,食品,29253
2026-06-09,洗剤,日用品,8037
2026-06-09,ティッシュ,日用品,5149
2026-06-09,Tシャツ,衣料品,10695
2026-06-09,冬物コート,衣料品,5335
2026-06-09,食器,雑貨,4386
2026-06-09,文房具,雑貨,3159
2026-06-10,野菜セット,食品,10871
2026-06-10,お弁当,食品,23031
2026-06-10,洗剤,日用品,7781
2026-06-10,ティッシュ,日用品,6143
2026-06-10,Tシャツ,衣料品,12773
2026-06-10,冬物コート,衣料品,4924
2026-06-10,食器,雑貨,4858
2026-06-10,文房具,雑貨,2942
2026-06-11,野菜セット,食品,10297
2026-06-11,お弁当,食品,23893
2026-06-11,洗剤,日用品,6393
2026-06-11,ティッシュ,日用品,6818
2026-06-11,Tシャツ,衣料品,12716
2026-06-11,冬物コート,衣料品,5026
2026-06-11,食器,雑貨,5320
2026-06-11,文房具,雑貨,3052
2026-06-12,野菜セット,食品,13157
2026-06-12,お弁当,食品,25128
2026-06-12,洗剤,日用品,8152
2026-06-12,ティッシュ,日用品,5429
2026-06-12,Tシャツ,衣料品,10270
2026-06-12,冬物コート,衣料品,5882
2026-06-12,食器,雑貨,6238
2026-06-12,文房具,雑貨,3648
2026-06-13,野菜セット,食品,15686
2026-06-13,お弁当,食品,24732
2026-06-13,洗剤,日用品,9291
2026-06-13,ティッシュ,日用品,8254
2026-06-13,Tシャツ,衣料品,14856
2026-06-13,冬物コート,衣料品,5158
2026-06-13,食器,雑貨,6915
2026-06-13,文房具,雑貨,4897
2026-06-14,野菜セット,食品,11763
2026-06-14,お弁当,食品,22375
2026-06-14,洗剤,日用品,9901
2026-06-14,ティッシュ,日用品,7604
2026-06-14,Tシャツ,衣料品,10148
2026-06-14,冬物コート,衣料品,6931
2026-06-14,食器,雑貨,6334
2026-06-14,文房具,雑貨,3983
2026-06-15,野菜セット,食品,14253
2026-06-15,お弁当,食品,22676
2026-06-15,洗剤,日用品,7197
2026-06-15,ティッシュ,日用品,6960
2026-06-15,Tシャツ,衣料品,10377
2026-06-15,冬物コート,衣料品,4783
2026-06-15,食器,雑貨,5425
2026-06-15,文房具,雑貨,3285
2026-06-16,野菜セット,食品,10754
2026-06-16,お弁当,食品,26815
2026-06-16,洗剤,日用品,8722
2026-06-16,ティッシュ,日用品,7540
2026-06-16,Tシャツ,衣料品,12650
2026-06-16,冬物コート,衣料品,5570
2026-06-16,食器,雑貨,6095
2026-06-16,文房具,雑貨,3510
2026-06-17,野菜セット,食品,13901
2026-06-17,お弁当,食品,19822
2026-06-17,洗剤,日用品,7660
2026-06-17,ティッシュ,日用品,5739
2026-06-17,Tシャツ,衣料品,11440
2026-06-17,冬物コート,衣料品,5592
2026-06-17,食器,雑貨,6096
2026-06-17,文房具,雑貨,3237
2026-06-18,野菜セット,食品,11377
2026-06-18,お弁当,食品,21447
2026-06-18,洗剤,日用品,7196
2026-06-18,ティッシュ,日用品,5895
2026-06-18,Tシャツ,衣料品,12058
2026-06-18,冬物コート,衣料品,4170
2026-06-18,食器,雑貨,5264
2026-06-18,文房具,雑貨,3525
2026-06-19,野菜セット,食品,10472
2026-06-19,お弁当,食品,19726
2026-06-19,洗剤,日用品,6580
2026-06-19,ティッシュ,日用品,8421
2026-06-19,Tシャツ,衣料品,10075
2026-06-19,冬物コート,衣料品,6249
2026-06-19,食器,雑貨,5573
2026-06-19,文房具,雑貨,3361
2026-06-20,野菜セット,食品,11749
2026-06-20,お弁当,食品,30359
2026-06-20,洗剤,日用品,11427
2026-06-20,ティッシュ,日用品,7327
2026-06-20,Tシャツ,衣料品,13938
2026-06-20,冬物コート,衣料品,7115
2026-06-20,食器,雑貨,6494
2026-06-20,文房具,雑貨,5228
2026-06-21,野菜セット,食品,12710
2026-06-21,お弁当,食品,28786
2026-06-21,洗剤,日用品,8037
2026-06-21,ティッシュ,日用品,10328
2026-06-21,Tシャツ,衣料品,13231
2026-06-21,冬物コート,衣料品,4644
2026-06-21,食器,雑貨,6152
2026-06-21,文房具,雑貨,4144
2026-06-22,野菜セット,食品,13983
2026-06-22,お弁当,食品,21642
2026-06-22,洗剤,日用品,7863
2026-06-22,ティッシュ,日用品,7367
2026-06-22,Tシャツ,衣料品,14432
2026-06-22,冬物コート,衣料品,5225
2026-06-22,食器,雑貨,5858
2026-06-22,文房具,雑貨,3730
2026-06-23,野菜セット,食品,10965
2026-06-23,お弁当,食品,22806
2026-06-23,洗剤,日用品,7897
2026-06-23,ティッシュ,日用品,6121
2026-06-23,Tシャツ,衣料品,13934
2026-06-23,冬物コート,衣料品,4389
2026-06-23,食器,雑貨,5945
2026-06-23,文房具,雑貨,3912
2026-06-24,野菜セット,食品,11243
2026-06-24,お弁当,食品,20554
2026-06-24,洗剤,日用品,7651
2026-06-24,ティッシュ,日用品,7267
2026-06-24,Tシャツ,衣料品,13289
2026-06-24,冬物コート,衣料品,5446
2026-06-24,食器,雑貨,5836
2026-06-24,文房具,雑貨,3274
2026-06-25,野菜セット,食品,11690
2026-06-25,お弁当,食品,18403
2026-06-25,洗剤,日用品,8579
2026-06-25,ティッシュ,日用品,7003
2026-06-25,Tシャツ,衣料品,11629
2026-06-25,冬物コート,衣料品,5998
2026-06-25,食器,雑貨,5652
2026-06-25,文房具,雑貨,2322
2026-06-26,野菜セット,食品,11424
2026-06-26,お弁当,食品,18742
2026-06-26,洗剤,日用品,8859
2026-06-26,ティッシュ,日用品,8931
2026-06-26,Tシャツ,衣料品,11515
2026-06-26,冬物コート,衣料品,5312
2026-06-26,食器,雑貨,5065
2026-06-26,文房具,雑貨,3654
2026-06-27,野菜セット,食品,14699
2026-06-27,お弁当,食品,31508
2026-06-27,洗剤,日用品,8302
2026-06-27,ティッシュ,日用品,9809
2026-06-27,Tシャツ,衣料品,13129
2026-06-27,冬物コート,衣料品,6528
2026-06-27,食器,雑貨,7143
2026-06-27,文房具,雑貨,4567
2026-06-28,野菜セット,食品,12107
2026-06-28,お弁当,食品,25034
2026-06-28,洗剤,日用品,8890
2026-06-28,ティッシュ,日用品,8202
2026-06-28,Tシャツ,衣料品,16870
2026-06-28,冬物コート,衣料品,5338
2026-06-28,食器,雑貨,6627
2026-06-28,文房具,雑貨,4513
2026-06-29,野菜セット,食品,12131
2026-06-29,お弁当,食品,24095
2026-06-29,洗剤,日用品,9266
2026-06-29,ティッシュ,日用品,7280
2026-06-29,Tシャツ,衣料品,13671
2026-06-29,冬物コート,衣料品,5621
2026-06-29,食器,雑貨,6359
2026-06-29,文房具,雑貨,2704
